Brand,Category_URL,Price_Rs,Product_Code,Product_Name,Product_URL,Rating,Seller
SWAYAM,https://www.myntra.com/ppe-suit,999,11853480,SWAYAM Blue Personal Protection Equipment Kit (PPE Kit) In Non-Woven,https://www.myntra.com/protective-bodysuits/swayam/swayam-blue-personal-protection-equipment-kit-ppe-kit-in-non-woven/11853480/buy,0,LINEN DESIGN
Apsis,https://www.myntra.com/ppe-suit,499,11955318,Apsis Unisex White Protective Bodysuit,https://www.myntra.com/protective-bodysuits/apsis/apsis-unisex-white-protective-bodysuit/11955318/buy,3.75,TEAKWOOD
LONDON FASHION hob,https://www.myntra.com/ppe-suit,779,12146104,London Fashion Unisex Set of 2 White Solid Pre Protective Body Suit & Boot Cover,https://www.myntra.com/protective-bodysuits/london-fashion-hob/london-fashion-unisex-set-of-2-white-solid-pre-protective-body-suit--boot-cover/12146104/buy,0,HOUSE OF BRANDS FASHION LLP
Alcis,https://www.myntra.com/ppe-suit,974,11842536,Alcis Pre Protective Suit,https://www.myntra.com/protective-bodysuits/alcis/alcis-pre-protective-suit/11842536/buy,0,Alcis Sports Pvt Ltd
SWAYAM,https://www.myntra.com/ppe-suit,759,11942598,Swayam Unisex Blue Non Woven Sealed Pre Protective Bodysuit & Mask,https://www.myntra.com/protective-bodysuits/swayam/swayam-unisex-blue-non-woven-sealed-pre-protective-bodysuit--mask/11942598/buy,0,LINEN DESIGN
SWAYAM,https://www.myntra.com/ppe-suit,674,11942594,Swayam Blue Grade-B-60 GSM Repellent Breathable 10 PSI Pre Protective Equipment Kit,https://www.myntra.com/protective-bodysuits/swayam/swayam-blue-grade-b-60-gsm-repellent-breathable-10-psi-pre-protective-equipment-kit/11942594/buy,0,LINEN DESIGN
SWISS MILITARY,https://www.myntra.com/ppe-suit,1434,12013822,SWISS MILITARY Unisex White Protective Body Suit with Goggles & Boot covers,https://www.myntra.com/protective-bodysuits/swiss-military/swiss-military-unisex-white-protective-body-suit-with-goggles--boot-covers/12013822/buy,0,SWISS MILITARY LIFESTYLE PRODUCTS PVT LTD
Alcis,https://www.myntra.com/ppe-suit,1274,11842534,Alcis Pre Protective Equipment Kit,https://www.myntra.com/protective-bodysuits/alcis/alcis-pre-protective-equipment-kit/11842534/buy,0,Alcis Sports Pvt Ltd
SWAYAM,https://www.myntra.com/ppe-suit,879,11942586,Swayam Blue Non Woven Sealed High Breathable 60 GSM-SMS Protective Bodysuit,https://www.myntra.com/protective-bodysuits/swayam/swayam-blue-non-woven-sealed-high-breathable-60-gsm-sms-protective-bodysuit/11942586/buy,0,LINEN DESIGN
SWAYAM,https://www.myntra.com/ppe-suit,879,11942590,Swayam Unisex White Solid Premium 60 GSM Pre Protective Equipment Kit (Non Breathable),https://www.myntra.com/protective-bodysuits/swayam/swayam-unisex-white-solid-premium-60-gsm-pre-protective-equipment-kit-non-breathable/11942590/buy,0,LINEN DESIGN
SWAYAM,https://www.myntra.com/ppe-suit,759,11942588,Swayam Unisex White Protective Body Suit with Goggles & Boot covers,https://www.myntra.com/protective-bodysuits/swayam/swayam-unisex-white-protective-body-suit-with-goggles--boot-covers/11942588/buy,0,LINEN DESIGN
yelloe,https://www.myntra.com/ppe-suit,773,12102590,yelloe Blue Set of 4 Protective Body Suit & Face Shield & Gloves with Mask & Boot Cover,https://www.myntra.com/protective-bodysuits/yelloe/yelloe-blue-set-of-4-protective-body-suit--face-shield--gloves-with-mask--boot-cover/12102590/buy,0,Indiflashmart
Wildcraft,https://www.myntra.com/ppe-suit,1499,11963308,Wildcraft Unisex White Hypashield Hz10k Reusable Hazmat Suit,https://www.myntra.com/protective-bodysuits/wildcraft/wildcraft-unisex-white-hypashield-hz10k-reusable-hazmat-suit/11963308/buy,0,Vision Star
SWAYAM,https://www.myntra.com/ppe-suit,799,11942596,Swayam Unisex White Non Woven Premium Star Grade 60 GSM-SMS PPE Kit (High Breathable),https://www.myntra.com/protective-bodysuits/swayam/swayam-unisex-white-non-woven-premium-star-grade-60-gsm-sms-ppe-kit-high-breathable/11942596/buy,0,LINEN DESIGN
SWAYAM,https://www.myntra.com/ppe-suit,594,11942592,Swayam Blue Grade-A-90 GSM Repellent Breathable 10 PSI Pre Protective Equipment Kit,https://www.myntra.com/protective-bodysuits/swayam/swayam-blue-grade-a-90-gsm-repellent-breathable-10-psi-pre-protective-equipment-kit/11942592/buy,0,LINEN DESIGN
Apsis,https://www.myntra.com/surgical-masks,989,11956020,Apsis Unisex Blue 100 Pcs 3-Ply Anti-Pollution Surgical Masks,https://www.myntra.com/outdoor-masks/apsis/apsis-unisex-blue-100-pcs-3-ply-anti-pollution-surgical-masks/11956020/buy,1,TEAKWOOD
Clovia,https://www.myntra.com/surgical-masks,399,11815250,Clovia Adults Green 25 Pcs 3-Layer Surgical Masks,https://www.myntra.com/outdoor-masks/clovia/clovia-adults-green-25-pcs-3-layer-surgical-masks/11815250/buy,0,PURPLE PANDA FASHIONS PVT LTD
yelloe,https://www.myntra.com/surgical-masks,299,11918270,yelloe Adults Blue 10 Pcs 3-Ply Disposable Masks With Attached Eye Shield,https://www.myntra.com/outdoor-masks/yelloe/yelloe-adults-blue-10-pcs-3-ply-disposable-masks-with-attached-eye-shield/11918270/buy,1,Indiflashmart
Voylla,https://www.myntra.com/masks-store,336,11886928,Voylla Unisex Blue Printed 4 Pcs 2 Ply Reusable Outdoor Fabric Masks,https://www.myntra.com/outdoor-masks/voylla/voylla-unisex-blue-printed-4-pcs-2-ply-reusable-outdoor-fabric-masks/11886928/buy,4.3636365,VOYLLA FASHIONS PVT LTD
Clovia,https://www.myntra.com/surgical-masks,608,11815244,Clovia Adults Blue 40 Pcs 3-Layer Surgical Masks,https://www.myntra.com/outdoor-masks/clovia/clovia-adults-blue-40-pcs-3-layer-surgical-masks/11815244/buy,2,PURPLE PANDA FASHIONS PVT LTD
OOMPH,https://www.myntra.com/surgical-masks,401,12167412,OOMPH Unisex 25 Pcs Blue 3 Ply Non Surgical Disposable Face Masks,https://www.myntra.com/outdoor-masks/oomph/oomph-unisex-25-pcs-blue-3-ply-non-surgical-disposable-face-masks/12167412/buy,0,MODEREF INC
House Of Accessories,https://www.myntra.com/surgical-masks,699,12046640,House Of Accessories Adults Blue 50 Pcs Reusable 3-Ply Surgical Masks with Nosepin,https://www.myntra.com/outdoor-masks/house-of-accessories/house-of-accessories-adults-blue-50-pcs-reusable-3-ply-surgical-masks-with-nosepin/12046640/buy,0,Finesse Creations Inc
House Of Accessories,https://www.myntra.com/surgical-masks,799,12046632,House Of Accessories Adults Blue Pack of 50 Reusable 3-Ply Surgical Masks with Nosepin,https://www.myntra.com/outdoor-masks/house-of-accessories/house-of-accessories-adults-blue-pack-of-50-reusable-3-ply-surgical-masks-with-nosepin/12046632/buy,0,Finesse Creations Inc
Skidlers,https://www.myntra.com/surgical-masks,789,11851600,Skidlers Unisex Set of 100 Blue 3-Ply Disposable Outdoor Masks,https://www.myntra.com/outdoor-masks/skidlers/skidlers-unisex-set-of-100-blue-3-ply-disposable-outdoor-masks/11851600/buy,0,Manju Collection
Shakumbhari,https://www.myntra.com/surgical-masks,837,11871530,Shakumbhari Unisex 100 Pcs 3-Ply Disposable Surgical Masks,https://www.myntra.com/outdoor-masks/shakumbhari/shakumbhari-unisex-100-pcs-3-ply-disposable-surgical-masks/11871530/buy,0,MSD FABRICS
SWAYAM,https://www.myntra.com/surgical-masks,849,11818876,SWAYAM Men 100 Pcs Green 3-Ply Disposable Surgical Face Masks,https://www.myntra.com/outdoor-masks/swayam/swayam-men-100-pcs-green-3-ply-disposable-surgical-face-masks/11818876/buy,0,LINEN DESIGN
House Of Accessories,https://www.myntra.com/surgical-masks,499,12046636,House Of Accessories Adults Blue 30 Pcs Reusable 3-Ply Surgical Masks with Nosepin,https://www.myntra.com/outdoor-masks/house-of-accessories/house-of-accessories-adults-blue-30-pcs-reusable-3-ply-surgical-masks-with-nosepin/12046636/buy,0,Finesse Creations Inc
Hubberholme,https://www.myntra.com/surgical-masks,324,12052858,Hubberholme Unisex Pack Of 50 3-Ply Surgical Masks,https://www.myntra.com/outdoor-masks/hubberholme/hubberholme-unisex-pack-of-50-3-ply-surgical-masks-/12052858/buy,0,Indiflashmart
LONDON FASHION hob,https://www.myntra.com/surgical-masks,989,12052866,LONDON FASHION hob Unisex Pack Of 200 Pcs Blue Solid 4-Ply Protective Surgical Masks,https://www.myntra.com/outdoor-masks/london-fashion-hob/london-fashion-hob-unisex-pack-of-200-pcs-blue-solid-4-ply-protective-surgical-masks/12052866/buy,1,HOUSE OF BRANDS FASHION LLP
House Of Accessories,https://www.myntra.com/surgical-masks,999,12046638,House Of Accessories Adults Blue Pack of 70 Reusable 3-Ply Surgical Masks,https://www.myntra.com/outdoor-masks/house-of-accessories/house-of-accessories-adults-blue-pack-of-70-reusable-3-ply-surgical-masks/12046638/buy,1,Finesse Creations Inc
Clovia,https://www.myntra.com/surgical-masks,319,11815246,Clovia Adults Green 20 Pcs 3-Layer Surgical Masks,https://www.myntra.com/outdoor-masks/clovia/clovia-adults-green-20-pcs-3-layer-surgical-masks/11815246/buy,0,PURPLE PANDA FASHIONS PVT LTD
LONDON FASHION hob,https://www.myntra.com/surgical-masks,549,12052872,London Fashion Unisex Blue 100 Pcs 3-Ply Disposable Masks,https://www.myntra.com/outdoor-masks/london-fashion-hob/london-fashion-unisex-blue-100-pcs-3-ply-disposable-masks/12052872/buy,1,HOUSE OF BRANDS FASHION LLP
Status,https://www.myntra.com/surgical-masks,1124,11852730,Status Unisex 100 Pcs 3-Ply Disposable Surgical Masks,https://www.myntra.com/outdoor-masks/status/status-unisex-100-pcs-3-ply-disposable-surgical-masks/11852730/buy,0,M/S Chinar Forge Limited
ABELINO,https://www.myntra.com/surgical-masks,350,11822512,ABELINO 50 Pcs 3 Ply Blue Disposable Surgical Mask,https://www.myntra.com/outdoor-masks/abelino/abelino-50-pcs-3-ply-blue-disposable-surgical-mask/11822512/buy,3.6388888,ARIHANT TRADING COMPANY
LONDON FASHION hob,https://www.myntra.com/surgical-masks,369,12052868,LONDON FASHION hob Unisex 50 Pcs Blue Solid 4-Ply Anti-Pollution Surgical Masks,https://www.myntra.com/outdoor-masks/london-fashion-hob/london-fashion-hob-unisex-50-pcs-blue-solid-4-ply-anti-pollution-surgical-masks/12052868/buy,0,HOUSE OF BRANDS FASHION LLP
OOMPH,https://www.myntra.com/surgical-masks,494,12167408,OOMPH Unisex Blue Pack Of 50 3Ply Non Surgical Disposable Face Masks,https://www.myntra.com/outdoor-masks/oomph/oomph-unisex-blue-pack-of-50-3ply-non-surgical-disposable-face-masks/12167408/buy,0,MODEREF INC
SWAYAM,https://www.myntra.com/surgical-masks,424,11818872,SWAYAM Men 50 Pcs Green 3-Ply Disposable Surgical Face Masks,https://www.myntra.com/outdoor-masks/swayam/swayam-men-50-pcs-green-3-ply-disposable-surgical-face-masks/11818872/buy,0,LINEN DESIGN
Shakumbhari,https://www.myntra.com/surgical-masks,597,11871470,Shakumbhari Adults Blue 50 Pcs 3-Layer Surgical Masks,https://www.myntra.com/outdoor-masks/shakumbhari/shakumbhari-adults-blue-50-pcs-3-layer-surgical-masks/11871470/buy,0,MSD FABRICS
Campus Sutra,https://www.myntra.com/surgical-masks,599,11855826,Campus Sutra Unisex 5 Pcs 3-Ply Solid Anti-Microbial Reusable Surgical Masks,https://www.myntra.com/outdoor-masks/campus-sutra/campus-sutra-unisex-5-pcs-3-ply-solid-anti-microbial-reusable-surgical-masks/11855826/buy,3,Flashstar Commerce
LONDON FASHION hob,https://www.myntra.com/surgical-masks,703,12052874,London Fashion Unisex Blue Pack of 100 4-Layer Disposable Surgical Masks,https://www.myntra.com/outdoor-masks/london-fashion-hob/london-fashion-unisex-blue-pack-of-100-4-layer-disposable-surgical-masks/12052874/buy,0,HOUSE OF BRANDS FASHION LLP
Hubberholme,https://www.myntra.com/surgical-masks,649,12052860,Hubberholme Unisex Blue Pack Of 100 3-Ply Face Mask,https://www.myntra.com/outdoor-masks/hubberholme/hubberholme-unisex-blue-pack-of-100-3-ply-face-mask/12052860/buy,0,Indiflashmart
Clovia,https://www.myntra.com/surgical-masks,759,11815288,Clovia Adults Green 50 Pcs 3-Layer Surgical Masks,https://www.myntra.com/outdoor-masks/clovia/clovia-adults-green-50-pcs-3-layer-surgical-masks/11815288/buy,0,PURPLE PANDA FASHIONS PVT LTD
Teakwood Leathers,https://www.myntra.com/surgical-masks,989,11871686,Teakwood Leathers Unisex Blue 100 Pcs 3-Layer Disposable Masks,https://www.myntra.com/outdoor-masks/teakwood-leathers/teakwood-leathers-unisex-blue-100-pcs-3-layer-disposable-masks/11871686/buy,2.875,TEAKWOOD
Skidlers,https://www.myntra.com/surgical-masks,394,11851596,Skidlers Unisex Set of 50 Blue 3-Ply Disposable Outdoor Masks,https://www.myntra.com/outdoor-masks/skidlers/skidlers-unisex-set-of-50-blue-3-ply-disposable-outdoor-masks/11851596/buy,3.6,Manju Collection
Status,https://www.myntra.com/surgical-masks,559,11852728,Status Unisex 50 Pcs 3-Ply Disposable Surgical Masks,https://www.myntra.com/outdoor-masks/status/status-unisex-50-pcs-3-ply-disposable-surgical-masks/11852728/buy,2.25,M/S Chinar Forge Limited
Status,https://www.myntra.com/surgical-masks,349,11852732,Status Unisex 30 Pcs 3-Ply Disposable Surgical Masks,https://www.myntra.com/outdoor-masks/status/status-unisex-30-pcs-3-ply-disposable-surgical-masks/11852732/buy,1.9090909,M/S Chinar Forge Limited
Campus Sutra,https://www.myntra.com/surgical-masks,689,11855828,Campus Sutra Unisex 7 Pcs 3-Ply Solid Anti-Microbial Reusable Surgical Masks,https://www.myntra.com/outdoor-masks/campus-sutra/campus-sutra-unisex-7-pcs-3-ply-solid-anti-microbial-reusable-surgical-masks/11855828/buy,3.1304348,Flashstar Commerce
ABELINO,https://www.myntra.com/surgical-masks,599,11822510,ABELINO 100 Pcs 3 Ply Blue Disposable Surgical Mask,https://www.myntra.com/outdoor-masks/abelino/abelino-100-pcs-3-ply-blue-disposable-surgical-mask/11822510/buy,3,ARIHANT TRADING COMPANY
OOMPH,https://www.myntra.com/surgical-masks,697,12167410,OOMPH Unisex 100 Pcs 3 Ply Non Surgical Disposable Face Masks,https://www.myntra.com/outdoor-masks/oomph/oomph-unisex-100-pcs-3-ply-non-surgical-disposable-face-masks/12167410/buy,0,MODEREF INC
LONDON FASHION hob,https://www.myntra.com/surgical-masks,1299,12052864,LONDON FASHION hob Adults Pack Of 400 Blue 3-Ply Disposable Surgical Masks,https://www.myntra.com/outdoor-masks/london-fashion-hob/london-fashion-hob-adults-pack-of-400-blue-3-ply-disposable-surgical-masks/12052864/buy,0,HOUSE OF BRANDS FASHION LLP
yelloe,https://www.myntra.com/surgical-masks,749,11806436,yelloe Unisex Blue 100 Pcs 3-Ply Disposable Outdoor Masks,https://www.myntra.com/outdoor-masks/yelloe/yelloe-unisex-blue-100-pcs-3-ply-disposable-outdoor-masks/11806436/buy,3.1111112,Indiflashmart
LONDON FASHION hob,https://www.myntra.com/surgical-masks,879,12052862,LONDON FASHION hob Unisex 200 Pcs Blue 3 Ply Disposable Surgical Masks,https://www.myntra.com/outdoor-masks/london-fashion-hob/-london-fashion-hob-unisex-200-pcs-blue-3-ply-disposable-surgical-masks/12052862/buy,0,HOUSE OF BRANDS FASHION LLP
LONDON FASHION hob,https://www.myntra.com/surgical-masks,351,12052870,London Fashion Unisex Blue 50 Pcs 3-Layer Disposable Masks,https://www.myntra.com/outdoor-masks/london-fashion-hob/london-fashion-unisex-blue-50-pcs-3-layer-disposable-masks/12052870/buy,0,HOUSE OF BRANDS FASHION LLP
Welspun,https://www.myntra.com/surgical-masks,440,12111162,Welspun Unisex 50 Pcs Blue Solid 3-Ply Disposable Surgical Masks,https://www.myntra.com/outdoor-masks/welspun/welspun-unisex-50-pcs-blue-solid-3-ply-disposable-surgical-masks/12111162/buy,0,WELSPUN GLOBAL BRANDS LIMITED
yelloe,https://www.myntra.com/surgical-masks,375,11806446,yelloe Unisex Blue 50 Pcs 3-Ply Single-Use Disposable Outdoor Masks,https://www.myntra.com/outdoor-masks/yelloe/yelloe-unisex-blue-50-pcs-3-ply-single-use-disposable-outdoor-masks/11806446/buy,3.6538463,Indiflashmart
Voylla,https://www.myntra.com/masks-store,599,11886896,Voylla Unisex Mustard Yellow Pack of 8 Reusable 2 Ply Outdoor Masks,https://www.myntra.com/outdoor-masks/voylla/voylla-unisex-mustard-yellow-pack-of-8-reusable-2-ply-outdoor-masks/11886896/buy,0,VOYLLA FASHIONS PVT LTD
EUME,https://www.myntra.com/masks-store,1399,11938514,EUME Unisex 7 Pcs Orange 4 Ply Protect+ 95 Reusable Protective Outdoor Masks,https://www.myntra.com/outdoor-masks/eume/eume-unisex-7-pcs-orange-4-ply-protect-95-reusable-protective-outdoor-masks/11938514/buy,0,Avon Lifestyle Pvt Ltd
Peter England,https://www.myntra.com/masks-store,319,11969902,Peter England Men Assorted 3 Pcs 3-Ply Fabric Outdoor Masks,https://www.myntra.com/outdoor-masks/peter-england/peter-england-men-assorted-3-pcs-3-ply-fabric-outdoor-masks/11969902/buy,3.625,Aditya Birla Fashion and Retail Limited (Madura Fashion & Lifestyle)
SWAYAM,https://www.myntra.com/surgical-masks,189,11818874,SWAYAM Men 20 Pcs Green 3-Ply Disposable Surgical Face Masks,https://www.myntra.com/outdoor-masks/swayam/swayam-men-20-pcs-green-3-ply-disposable-surgical-face-masks/11818874/buy,3,LINEN DESIGN
Story@home,https://www.myntra.com/surgical-masks,419,11984792,Story@home Adults Blue 50 Pcs Non-Woven Disposable Face Masks,https://www.myntra.com/outdoor-masks/storyhome/storyhome-adults-blue-50-pcs-non-woven-disposable-face-masks/11984792/buy,1,ELITE DECOR PVT LTD
Peter England,https://www.myntra.com/masks-store,319,11969874,Peter England Assorted Pack of 3 Fabric Mask,https://www.myntra.com/outdoor-masks/peter-england/peter-england-assorted-pack-of-3-fabric-mask/11969874/buy,2.6,Aditya Birla Fashion and Retail Limited (Madura Fashion & Lifestyle)
Voylla,https://www.myntra.com/masks-store,389,11886904,Voylla Unisex Purple 8 Pcs 2 Ply Reusable & Washable Outdoor Masks,https://www.myntra.com/outdoor-masks/voylla/voylla-unisex-purple-8-pcs-2-ply-reusable--washable-outdoor-masks/11886904/buy,0,VOYLLA FASHIONS PVT LTD
BOD GUARD,https://www.myntra.com/masks-store,524,11801786,BOD GUARD PM2.5 Anti Pollution Face Mask with Mosquito Repellent & Fabric Roll On,https://www.myntra.com/outdoor-masks/bod-guard/bod-guard-pm25-anti-pollution-face-mask-with-mosquito-repellent--fabric-roll-on/11801786/buy,0,Sirona Hygiene Private Limited
Voylla,https://www.myntra.com/masks-store,389,11886894,Voylla Unisex 4 Pcs Green Solid 2-Ply Anti-Pollution Reusable Cloth Masks,https://www.myntra.com/outdoor-masks/voylla/voylla-unisex-4-pcs-green-solid-2-ply-anti-pollution-reusable-cloth-masks/11886894/buy,0,VOYLLA FASHIONS PVT LTD
Voylla,https://www.myntra.com/masks-store,269,11886878,Voylla Unisex 4 Pcs Navy Blue Solid 2-Ply Anti-Dust Reusable Cloths Masks,https://www.myntra.com/outdoor-masks/voylla/voylla-unisex-4-pcs-navy-blue-solid-2-ply-anti-dust-reusable-cloths-masks/11886878/buy,3,VOYLLA FASHIONS PVT LTD
LUXURAZI,https://www.myntra.com/masks-store,255,12072678,LUXURAZI Cerified 5 Layered Protective Fashion Masks,https://www.myntra.com/outdoor-masks/luxurazi/luxurazi-cerified-5-layered-protective-fashion-masks/12072678/buy,0,LUXURAZI INDIA (JIT)
SWISS MILITARY,https://www.myntra.com/masks-store,1078,12078056,SWISS MILITARY pack of 7 Black color A95+ 3 Layer  outdoor Masks with 1 Respirator,https://www.myntra.com/outdoor-masks/swiss-military/swiss-military-pack-of-7-black-color-a95-3-layer--outdoor-masks-with-1-respirator/12078056/buy,0,SWISS MILITARY LIFESTYLE PRODUCTS PVT LTD
Voylla,https://www.myntra.com/masks-store,336,11886902,Voylla Unisex Yellow Printed 4 Pcs 2 Ply Reusable Outdoor Fabric Masks,https://www.myntra.com/outdoor-masks/voylla/voylla-unisex-yellow-printed-4-pcs-2-ply-reusable-outdoor-fabric-masks/11886902/buy,0,VOYLLA FASHIONS PVT LTD
Voylla,https://www.myntra.com/masks-store,269,11886922,Voylla Unisex 4 Pcs Red Solid 2-Ply Anti-Pollution Reusable Cloth Masks,https://www.myntra.com/outdoor-masks/voylla/voylla-unisex-4-pcs-red-solid-2-ply-anti-pollution-reusable-cloth-masks/11886922/buy,0,VOYLLA FASHIONS PVT LTD
Voylla,https://www.myntra.com/masks-store,269,11886880,Voylla Unisex 4 Pcs Blue Solid 2-Ply Anti-Dust Reusable Cloth Masks,https://www.myntra.com/outdoor-masks/voylla/voylla-unisex-4-pcs-blue-solid-2-ply-anti-dust-reusable-cloth-masks/11886880/buy,2,VOYLLA FASHIONS PVT LTD
Safari,https://www.myntra.com/masks-store,450,11858158,Safari Unisex Black 3 Pcs 3-Ply Reusable Air Pro Fabric Outdoor Masks,https://www.myntra.com/outdoor-masks/safari/safari-unisex-black-3-pcs-3-ply-reusable-air-pro-fabric-outdoor-masks/11858158/buy,0,Indiflashmart
LEGAL BRIBE,https://www.myntra.com/masks-store,324,12142104,LEGAL BRIBE Women 3 Pcs 3 Ply Printed Reusable Cloth Masks,https://www.myntra.com/outdoor-masks/legal-bribe/legal-bribe-women-3-pcs-3-ply-printed-reusable-cloth-masks/12142104/buy,0,Truecom Retail
CODE by Lifestyle,https://www.myntra.com/masks-store,339,12195856,CODE by Lifestyle 4 Pcs 2 Ply Reusable Masks,https://www.myntra.com/outdoor-masks/code-by-lifestyle/code-by-lifestyle-4-pcs-2-ply-reusable-masks/12195856/buy,0,Flashstar Commerce
EUME,https://www.myntra.com/masks-store,199,11938544,EUME Unisex Black 4-Ply Protect+ 95 Reusable Outdoor Mask,https://www.myntra.com/outdoor-masks/eume/eume-unisex-black-4-ply-protect-95-reusable-outdoor-mask/11938544/buy,4.5454545,Avon Lifestyle Pvt Ltd
SIMON CARTER LONDON,https://www.myntra.com/masks-store,499,11980420,SIMON CARTER LONDON Men Assorted Quirky 3Pcs 3 Ply Fabric Mask,https://www.myntra.com/outdoor-masks/simon-carter-london/simon-carter-london-men-assorted-quirky-3pcs-3-ply-fabric-mask/11980420/buy,0,Aditya Birla Fashion and Retail Limited (Madura Fashion & Lifestyle)
Fame Forever by Lifestyle,https://www.myntra.com/masks-store,199,12094848,Fame Forever by Lifestyle Boys Pack Of 2 Black & White 3-Ply Reusable Outdoor Cloth Masks,https://www.myntra.com/outdoor-masks/fame-forever-by-lifestyle/fame-forever-by-lifestyle-boys-pack-of-2-black--white-3-ply-reusable-outdoor-cloth-masks/12094848/buy,0,Truenet Commerce
Roadster,https://www.myntra.com/masks-store,499,11819530,Roadster Adults Multicoloured PRO-TECHT Pack of 4 Reusable 5-Layer Outdoor Masks,https://www.myntra.com/outdoor-masks/roadster/roadster-adults-multicoloured-pro-techt-pack-of-4-reusable-5-layer-outdoor-masks/11819530/buy,3.7916667,Truenet Commerce
Bellofox,https://www.myntra.com/masks-store,165,12170868,Bellofox Women 3 Ply Protective Outdoor Face Masks,https://www.myntra.com/outdoor-masks/bellofox/-bellofox-women-3-ply-protective-outdoor-face-masks/12170868/buy,0,BELLOFOX MODA
Bellofox,https://www.myntra.com/masks-store,165,12170870,Bellofox Women Blue Printed 3-Ply Cloth Mask,https://www.myntra.com/outdoor-masks/bellofox/bellofox-women-blue-printed-3-ply-cloth-mask/12170870/buy,5,BELLOFOX MODA
Allen Solly,https://www.myntra.com/masks-store,354,11956042,Allen Solly Men Multicoloured Pack of 4 3 Ply Fabric Mask,https://www.myntra.com/outdoor-masks/allen-solly/allen-solly-men-multicoloured-pack-of-4-3-ply-fabric-mask/11956042/buy,3.3578947,Aditya Birla Fashion and Retail Limited (Madura Fashion & Lifestyle)
SWAYAM,https://www.myntra.com/ppe-suit,594,11942600,Swayam Unisex Blue Reusable Non Woven Sealed Pre Protective Equipment Kit,https://www.myntra.com/protective-bodysuits/swayam/swayam-unisex-blue-reusable-non-woven-sealed-pre-protective-equipment-kit/11942600/buy,0,LINEN DESIGN
